{"arch_packages":"mipsel_24kc","default_packages":["base-files","busybox","ca-bundle","ca-certificates","curl","ddns-scripts-cloudflare","ddns-scripts_aliyun","ddns-scripts_dnspod","default-settings","dnsmasq-full","dropbear","firewall","fstools","htop","ip6tables","iptables","kmod-gpio-button-hotplug","kmod-leds-gpio","libc","libgcc","libustream-wolfssl","logd","luci","luci-app-control-timewol","luci-app-control-webrestriction","luci-app-control-weburl","luci-app-ddns","luci-app-ramfree","luci-app-timecontrol","luci-app-upnp","luci-app-vlmcsd","luci-app-wol","luci-compat","mtd","netifd","odhcp6c","odhcpd-ipv6only","opkg","ppp","ppp-mod-pppoe","procd","procd-seccomp","uci","uclient-fetch","urandom-seed","urngd","wget-ssl","wpad-basic-wolfssl"],"metadata_version":1,"profiles":{"xiaomi_mi-router-4a-gigabit":{"device_packages":["kmod-mt7603","kmod-mt76x2"],"image_prefix":"openwrt-ramips-mt7621-xiaomi_mi-router-4a-gigabit","images":[{"filesystem":"initramfs","name":"openwrt-ramips-mt7621-xiaomi_mi-router-4a-gigabit-initramfs-kernel.bin","sha256":"9295759a9b04f7217aee30485b10efddf4c67189ce5d9ae9e6a04ba40ed0e78a","sha256_unsigned":"9295759a9b04f7217aee30485b10efddf4c67189ce5d9ae9e6a04ba40ed0e78a","type":"kernel"},{"filesystem":"squashfs","name":"openwrt-ramips-mt7621-xiaomi_mi-router-4a-gigabit-squashfs-sysupgrade.bin","sha256":"7a6dc7b6337a7b50679ab3b55a71f6504f29be23d7410fe76ba8f1e249fa2649","sha256_unsigned":"b0a4bdc03e47a4d217b853355ee8c7155d93a6f01d43fdef5f37daeb2d5822d5","type":"sysupgrade"}],"supported_devices":["xiaomi,mi-router-4a-gigabit"],"titles":[{"model":"Mi Router 4A","variant":"Gigabit Edition","vendor":"Xiaomi"}]}},"source_date_epoch":1651748788,"target":"ramips/mt7621","version_code":"r0-028655c","version_number":"SNAPSHOT"}